title,price,rating_average,total_reviews,permalink
Módulo ESP32-Cam-MB con cámara Ov2640 ESP de 32 Mb,8000.0,4.5,17,https://click1.mercadolibre.com.co/mclics/clicks/external/MCO/count?a=4Bvw9hcAiN1wvYC6nlBudh%2BRxGaJQnZU2ZXZ%2FpCsTmJB%2BjNFvmBnde1isJmz3kNgevHlsFxm7M3ECusjR7m825hmimhpJpYGQQE2hstXODGU3GcecR%2B5tU8LVLLyKTyB6yVz8pJ69KtOGV1xz96UJRxy2Bs%2BhEaF6CSkIDZPYsnH5VcWJCT0UerXwvFI274DTCuP1NwA4Trly%2FN1p4C0q9%2FshpEXA5iydQCHWxoC3YOoqqvoOQcuDPsNr29iWJJcSU0htgys8v3FWdisqirJUOmr0WABMB06BHeMj0NlzA1sgWLOl3QCmuXgRtgBLLWMX1NM72boCT9bfjL%2FsuO6rbteU73m26RcdeAofuF9T0zMFsDby%2BeueXA3WWdSQZZ2gAhlbMd1zDN23iIzIs22u%2BnifKJXjEAUEv8bAnaxtsgpUrI2GGCAhDk2fxtKhsIZrmkYx7SWFOv1KFhRkBfZDGgUGBhF5%2F3CwRTH33hXs%2BOWZ29ixPORPw1TmK8BV5%2FDqx%2FYEgrM0Rt2AoW0Wnd6hleMy%2BXH1zZRUDNFlbJMINFGGINlDsi79lQcDDcO8avpev9KDdf%2Bxfr88fRJWbtyyMMpiZQ5HeuBUNtVTVjhMcrpYDlEwrp047bRppmt1YzD08gUict10UdodFS7yU0Zhv23Ld%2BDmFi0xpCb5bsE1LDgzAdrPQ%2BX7xLwuoKAs%2BSbVkLxdH2cW9F%2B0NdEVcDu4KpAdx6UyyLRoZyLWz06qFEuYokqdKoxk3yHA5j8cNstEaccXppS3CpcRb55OGYqRJA8mJr5MpUW0zvZKOidEvQraAUtTmVOpkXFVGeSt0fRNUjmv5f7BRhOQFanXx8RtjY4UxyH3wvkDDlPxDgQ3OSe8GAlxDgxKgBsFNInFGQHWV%2Bdvw%3D%3D&e=mclics%2Fadvertising-results-augmenter-on%2B15097%2Cmclics%2Fmin-budget-throttling%2B54896%2Cmclics%2Fmax-bid-capped%2B36382%2Cmclics%2Fmax-bid-item-factor%2B23927%2Cmclics%2Fdomain-rules-override%2B74278%2Cmclics%2Fgmv-predictor%2B52393%2Cmclics%2Fdiscard-bid-lt-min%2B58213%2Cmclics%2Foverride-min-seasonality%2B49092%2Cmclics%2Fmore-ads-migration%2B58320&rb=x#polycard_client=search-nordic&tracking_id=a3876c90-94f3-4701-94ba-eb8affa3c336&wid=MCO1540893833&sid=search
Tarjeta Esp32-cam Wifi Bluetooth Con Camara Ov2640,5000.0,3.9,11,https://click1.mercadolibre.com.co/mclics/clicks/external/MCO/count?a=DsfN37JjMSb7Q2awE%2BPk3EmbZqNhZcW1WyJv7pwb7mbotMg2esWMqXQRK8%2Bf38WHltAtdy3%2BUb%2BT4twWS2rbEkkMgu7zkR5pfAvKlFqglh2z%2FMg0QDiRJ5zyRr%2BT072jArg8jY8IkCrR%2F8rZJNyApZ6ZpaiT1GC2YXrwgKWR36%2FV2wlhEcdz%2B6tvQ0zAwj%2FAbnpzlkRlg7dGnpdTo89PfcN3lZ7%2BaS9Ln8vJLD2W9Jf2gsMhg0NkDeaoVPr4DcGqdzq2Ws1Pz9%2BerEnP%2FJwZilN9JEIDONKmlQskHj%2FA9UXRl%2BW2ImMDq1Ju25kYXiyaS3Y4c6a%2FNK%2BOcSG0jT59wBamKi0a6p0H6zn99yqFSd4MdMus7WK3qCM3CmCxNgnP55q0geC%2BkwKS8dUzuY47a162QBtLHeeVD0HaV0dDVQVN%2BoRGNXp9ciCPD5fR5grCoA80OEMoZaqmHt9g00BVQ948TOw7VdCaq1LFOWSiKsVvDJ7%2BCH91XEJmk1KhKvptQmFF8OVkGf0UZWiDG3EKS63EBy0watYDezakWYXJ821pqhSFUuNljyrn3mMF3t%2FqyHD%2FJThoLyUO3JKsK2SZeKyRfOAlgILyQJTiNtBl8qvNZwHYf4wtaha2yWKx6eUvmuQZQgfpsSdO6fQARuv6fho37EHvVHe97IETG9nh%2F3VFwhOlFbtSQgHhQXNfwo%2BnsiqnLaz5pHCbu2lWrOyllKeHC1cxugrEQDcDhN%2F6gePvVecxp1ltsfl8e7wD4Oiq4qFnLyFuOwdfj%2Bs0npSbTmaFOSxXVBM%3D&e=mclics%2Fadvertising-results-augmenter-on%2B15097%2Cmclics%2Fmin-budget-throttling%2B54896%2Cmclics%2Fmax-bid-capped%2B36382%2Cmclics%2Fmax-bid-item-factor%2B23927%2Cmclics%2Fdomain-rules-override%2B74278%2Cmclics%2Fgmv-predictor%2B52393%2Cmclics%2Fdiscard-bid-lt-min%2B58213%2Cmclics%2Foverride-min-seasonality%2B49092%2Cmclics%2Fmore-ads-migration%2B58320&rb=x#polycard_client=search-nordic&tracking_id=a3876c90-94f3-4701-94ba-eb8affa3c336
Módulo ESP32-Cam-MB con cámara Ov2640 ESP de 32 Mb,8000.0,4.5,17,https://www.mercadolibre.com.co/modulo-esp32-cam-mb-con-camara-ov2640-esp-de-32-mb/p/MCO36063720#polycard_client=search-nordic&searchVariation=MCO36063720&position=4&search_layout=stack&type=product&tracking_id=a3876c90-94f3-4701-94ba-eb8affa3c336&wid=MCO1540893833&sid=search
Módulo ESP32-Cam con cámara Ov2640,5000.0,4.0,6,https://www.mercadolibre.com.co/modulo-esp32-cam-con-camara-ov2640/p/MCO32809377#polycard_client=search-nordic&searchVariation=MCO32809377&position=8&search_layout=stack&type=product&tracking_id=a3876c90-94f3-4701-94ba-eb8affa3c336&wid=MCO2387420914&sid=search
Tarjera Esp32-cam Wifi Bluetooth Ov2640,5000.0,4.5,17,https://articulo.mercadolibre.com.co/MCO-587697293-tarjera-esp32-cam-wifi-bluetooth-ov2640-_JM#polycard_client=search-nordic&position=9&search_layout=stack&type=item&tracking_id=a3876c90-94f3-4701-94ba-eb8affa3c336
Tarjeta Desarrollo Wifi M5stack Oficial Esp32 Cam Ov2640,43000.0,0.0,0,https://click1.mercadolibre.com.co/mclics/clicks/external/MCO/count?a=ihvewBF0qHJ05Yie0HQngFr5XeKbRnfm9P055j7lOSc8bv5uccQ1kzqVr7W3z1NdESC1eXfGt%2BZtQAR4on0MVDBs0khe%2F3vIsVKiphLUP%2Fz0nHov3ItxAiya3jTtpdS658q1Hocy6ejPpqyYosli2bL9iUH4m%2BPxFhHl82kxT4lWnkUBPYMaE8xKFOr6%2BpOdt%2FUBi%2BXKwMGh7ssvA0%2BMQErvEmfmEutx6N%2B5fc997CH8FkU1WDJmodzZ21uDcX50ZU0kC3KY9g55nA3H0pAEX0dpqqBjJQoW4UJ9Rd%2BSas5Ta1TDdbYZPf%2BCbj7grB4yQf7oy2RRqxA1KGEJY3ZQmkzsakEXOf1dSLjLWAt2TE4HxdxOcfmEku3IM9Kw10F%2Fv%2BA9Ea5pqlF%2FW1uukD4vWCyeStxp1W587ykkdwGnnFCyYTVYJq17WGETXN9gzvyWdvxNWaRaUiEb%2BuJJ94orl8k%2FbTpXVwDqnE2NBGztfZ3cUo9AkDYSuH24pL2HY%2BUQsb7Uhn89%2FUA6x%2By3RGZZAzuJ%2FfbIa5yBlQPnTDvubuOHj2NKKGWgAgS8G65097QT%2BLPAbiARBmdKD5OVzpXfPlvbkdj5u9oLd45umRBJj8Udfy8qmaBOsU1ETq3xTlAsMe8Y1S%2BNTr6WvYkOYAtz8YixnhJCEjjI8Fg7D1OZuHcD0x3UH06KogspN7ltfeJtU77Emsp9ojVHhaP5ew8nu1qog9Bd7kcfpCC136wfohmaWlZ6HiSe43cHqSPZkpjxjYVE25rqCHcv%2FFhnaVMEdu4FTyUaxqA5qwA%3D&e=mclics%2Fadvertising-results-augmenter-on%2B15097%2Cmclics%2Fmin-budget-throttling%2B54896%2Cmclics%2Fmax-bid-capped%2B36382%2Cmclics%2Fmax-bid-item-factor%2B23927%2Cmclics%2Fdomain-rules-override%2B74278%2Cmclics%2Fgmv-predictor%2B52393%2Cmclics%2Fdiscard-bid-lt-min%2B58213%2Cmclics%2Foverride-min-seasonality%2B49092%2Cmclics%2Fmore-ads-migration%2B58320&rb=x#polycard_client=search-nordic&tracking_id=a3876c90-94f3-4701-94ba-eb8affa3c336
Tarjera Esp32-cam Wifi Bluetooth Ov2640,5000.0,4.5,17,https://click1.mercadolibre.com.co/mclics/clicks/external/MCO/count?a=Y2wOzwf8Yg0VmiLLSinrrbvNlLilgnVdMelitWPQVLzSxtgbn9hik5WWb%2Ff2Uf8wdhsCHabr62GdHH%2FmaoNAWw%2FdP3x%2FX5yvsaBcFRS4r3RCElEzmqnmeZ3e%2FblUR5uoAvw0A9bmmBNwFB%2FhPTKSVrLTsa7XoukWvtPy2%2FWfmWZXkeeaXphtgljyNVCIn7o%2B4zbFtb%2BYO8232ah0d1LRsSGsfOFlbpmDSSxxhYe0i2gbbFb6Wvv%2Ff6cPSH06ttBbVZUmsyWqCW2n5o0t9sb%2BFTexfG8Fu9PvtFCqWAKnxrzktwO7nUm6R4CP%2FnMjkqqBHao62J%2Fns8LHlr69PV5ymgQyLxqEw35xdNyz%2FX2fDd5%2Fv0WuNoKlRjKpVTxtfJ1z5YPRIP0henXd54aDfrcuZkSySGDVyChohOaV%2FJ8PX%2BhoyL4qLQMQvzKWcTCUyJyHoS9oH6sXNjfL8MVsspVNFuMG5grEJpDGb8ksJKjAKCVBBwkIHWVMf44OAvQo%2BzlHs0mjEZlQa8iIo%2BMnI%2FCkIaXHMiEsUlV6L2xdkrGSt6I7nYDheIVgl0EOMgnqVxFikg1R93wWoBhUOfohjwSS89LoTWjZ9p5%2FeuxpggOoE%2BXDXu4sKXdwikQa5NqdcLCLOtO9jm0uGL8lB2gqoAiDd5KzELWkXtn9V5RDfdFOMwMQBoJt4LBN8mGh9AWAv%2FUjAglEk02e7zW76jEibhb97NXBAr%2FujxfMHa4zz975PtnyQ5ARroFcg%2FKXyZ4iGRO9T0%2BvvdIjScISZw%3D%3D&e=mclics%2Fadvertising-results-augmenter-on%2B15097%2Cmclics%2Fmin-budget-throttling%2B54896%2Cmclics%2Fmax-bid-capped%2B36382%2Cmclics%2Fmax-bid-item-factor%2B23927%2Cmclics%2Fdomain-rules-override%2B74278%2Cmclics%2Fgmv-predictor%2B52393%2Cmclics%2Fdiscard-bid-lt-min%2B58213%2Cmclics%2Foverride-min-seasonality%2B49092%2Cmclics%2Fmore-ads-migration%2B58320&rb=x#polycard_client=search-nordic&tracking_id=a3876c90-94f3-4701-94ba-eb8affa3c336
Esp32-cam Ov2640 Wroom Esp322s Desarrollo Wifi Bluetooth,3900.0,4.8,28,https://articulo.mercadolibre.com.co/MCO-879819994-esp32-cam-ov2640-wroom-esp322s-desarrollo-wifi-bluetooth-_JM#polycard_client=search-nordic&position=10&search_layout=stack&type=item&tracking_id=a3876c90-94f3-4701-94ba-eb8affa3c336
Esp32cam + Shield Programador Esp32 Cam Mb,0.0,5.0,3,https://articulo.mercadolibre.com.co/MCO-1462925167-esp32cam-shield-programador-esp32-cam-mb-_JM#polycard_client=search-nordic&position=11&search_layout=stack&type=item&tracking_id=a3876c90-94f3-4701-94ba-eb8affa3c336
Tarjeta Esp32-cam Wifi Bluetooth Con Camara Ov2640,5000.0,3.9,11,https://articulo.mercadolibre.com.co/MCO-1325100401-tarjeta-esp32-cam-wifi-bluetooth-con-camara-ov2640-_JM#polycard_client=search-nordic&position=12&search_layout=stack&type=item&tracking_id=a3876c90-94f3-4701-94ba-eb8affa3c336
Módulo Esp32-cam Con Cámara Ov2640,3500.0,3.3,3,https://articulo.mercadolibre.com.co/MCO-2595613656-modulo-esp32-cam-con-camara-ov2640-_JM#polycard_client=search-nordic&position=13&search_layout=stack&type=item&tracking_id=a3876c90-94f3-4701-94ba-eb8affa3c336
Shield Programador Esp32 Cam Mb Modúlo De Programacion,6100.0,0.0,0,https://articulo.mercadolibre.com.co/MCO-1462925685-shield-programador-esp32-cam-mb-modulo-de-programacion-_JM#polycard_client=search-nordic&position=14&search_layout=stack&type=item&tracking_id=a3876c90-94f3-4701-94ba-eb8affa3c336
Tarjeta Desarrollo Wifi M5stack Oficial Esp32 Cam Ov2640,43000.0,0.0,0,https://articulo.mercadolibre.com.co/MCO-562057757-tarjeta-desarrollo-wifi-m5stack-oficial-esp32-cam-ov2640-_JM#polycard_client=search-nordic&position=15&search_layout=stack&type=item&tracking_id=a3876c90-94f3-4701-94ba-eb8affa3c336
Modulo Esp32-cam-mb,3500.0,4.9,16,https://articulo.mercadolibre.com.co/MCO-982453888-modulo-esp32-cam-mb-_JM#polycard_client=search-nordic&position=16&search_layout=stack&type=item&tracking_id=a3876c90-94f3-4701-94ba-eb8affa3c336
Esp32-cam Ov2640 Wroom Esp322s Desarrollo Wifi Bluetooth,3900.0,4.5,2,https://articulo.mercadolibre.com.co/MCO-879806955-esp32-cam-ov2640-wroom-esp322s-desarrollo-wifi-bluetooth-_JM#polycard_client=search-nordic&position=17&search_layout=stack&type=item&tracking_id=a3876c90-94f3-4701-94ba-eb8affa3c336
Programador Para Esp32 Módulo De Cámara Arduino,6700.0,5.0,3,https://articulo.mercadolibre.com.co/MCO-926159648-programador-para-esp32-modulo-de-camara-arduino-_JM#polycard_client=search-nordic&position=18&search_layout=stack&type=item&tracking_id=a3876c90-94f3-4701-94ba-eb8affa3c336
Módulo Esp32-cam Con Cámara Ov2640,5000.0,0.0,0,https://articulo.mercadolibre.com.co/MCO-1540945735-modulo-esp32-cam-con-camara-ov2640-_JM#polycard_client=search-nordic&position=19&search_layout=stack&type=item&tracking_id=a3876c90-94f3-4701-94ba-eb8affa3c336
Esp32cam + Shield Programador Esp32 Cam Mb,0.0,5.0,1,https://articulo.mercadolibre.com.co/MCO-1462976763-esp32cam-shield-programador-esp32-cam-mb-_JM#polycard_client=search-nordic&position=20&search_layout=stack&type=item&tracking_id=a3876c90-94f3-4701-94ba-eb8affa3c336
Placa Cam Freenove Esp32-s3-wroom (compatible Con Arduino Id,12780.0,0.0,0,https://www.mercadolibre.com.co/placa-cam-freenove-esp32-s3-wroom-compatible-con-arduino-c/p/MCO2001456962#polycard_client=search-nordic&searchVariation=MCO2001456962&position=5&search_layout=stack&type=product&tracking_id=a3876c90-94f3-4701-94ba-eb8affa3c336&wid=MCO1404844717&sid=search
Módulo De Cámara Esp32-cam Ov2640,0.0,0.0,0,https://articulo.mercadolibre.com.co/MCO-2602811684-modulo-de-camara-esp32-cam-ov2640-_JM#polycard_client=search-nordic&position=21&search_layout=stack&type=item&tracking_id=a3876c90-94f3-4701-94ba-eb8affa3c336
Tarjeta Freenove Esp32 S3 Wrover + Camara Ov2640 + Memoria,9990.0,0.0,0,https://articulo.mercadolibre.com.co/MCO-1276425257-tarjeta-freenove-esp32-s3-wrover-camara-ov2640-memoria-_JM#polycard_client=search-nordic&position=22&search_layout=stack&type=item&tracking_id=a3876c90-94f3-4701-94ba-eb8affa3c336
Esp32-cam Modulo Desarrollo Wifi + Bluetootooth 2mp,6000.0,0.0,0,https://articulo.mercadolibre.com.co/MCO-1667876510-esp32-cam-modulo-desarrollo-wifi-bluetootooth-2mp-_JM#polycard_client=search-nordic&position=23&search_layout=stack&type=item&tracking_id=a3876c90-94f3-4701-94ba-eb8affa3c336
Tarjeta Freenove Esp32 Wrover + Camara Ov2640 + Memoria Sd,41999.0,0.0,0,https://articulo.mercadolibre.com.co/MCO-1276179283-tarjeta-freenove-esp32-wrover-camara-ov2640-memoria-sd-_JM#polycard_client=search-nordic&position=24&search_layout=stack&type=item&tracking_id=a3876c90-94f3-4701-94ba-eb8affa3c336
Tarjeta Freenove Esp32 S3 Wrover + Camara Ov2640 + Memoria,5999.0,0.0,0,https://articulo.mercadolibre.com.co/MCO-1276451607-tarjeta-freenove-esp32-s3-wrover-camara-ov2640-memoria-_JM#polycard_client=search-nordic&position=25&search_layout=stack&type=item&tracking_id=a3876c90-94f3-4701-94ba-eb8affa3c336
Esp32 Cam Esp32-cam Ov2640 Wroom Esp322s Wifi Bluetooth Iot,5820.0,5.0,1,https://articulo.mercadolibre.com.co/MCO-1535621480-esp32-cam-esp32-cam-ov2640-wroom-esp322s-wifi-bluetooth-iot-_JM#polycard_client=search-nordic&position=26&search_layout=stack&type=item&tracking_id=a3876c90-94f3-4701-94ba-eb8affa3c336
Modulo Desarrollo Esp32-cam Wifi + Bluetootooth Ov2640 2mp,1499.0,0.0,0,https://articulo.mercadolibre.com.co/MCO-1537730511-modulo-desarrollo-esp32-cam-wifi-bluetootooth-ov2640-2mp-_JM#polycard_client=search-nordic&position=27&search_layout=stack&type=item&tracking_id=a3876c90-94f3-4701-94ba-eb8affa3c336
Por 7und Modulo Desarrollo Esp32-cam Wifi + Bluetootooth Ov2,91999.0,0.0,0,https://articulo.mercadolibre.com.co/MCO-1537764499-por-7und-modulo-desarrollo-esp32-cam-wifi-bluetootooth-ov2-_JM#polycard_client=search-nordic&position=28&search_layout=stack&type=item&tracking_id=a3876c90-94f3-4701-94ba-eb8affa3c336
Por 2und Modulo Desarrollo Esp32-cam Wifi + Bluetootooth Ov2,9999.0,0.0,0,https://articulo.mercadolibre.com.co/MCO-2811135148-por-2und-modulo-desarrollo-esp32-cam-wifi-bluetootooth-ov2-_JM#polycard_client=search-nordic&position=29&search_layout=stack&type=item&tracking_id=a3876c90-94f3-4701-94ba-eb8affa3c336
Modulo Esp32-cam-mb,3500.0,0.0,0,https://articulo.mercadolibre.com.co/MCO-1462906283-modulo-esp32-cam-mb-_JM#polycard_client=search-nordic&position=30&search_layout=stack&type=item&tracking_id=a3876c90-94f3-4701-94ba-eb8affa3c336
Modulo Esp32-cam-mb,9999.0,5.0,1,https://articulo.mercadolibre.com.co/MCO-1324346477-modulo-esp32-cam-mb-_JM#polycard_client=search-nordic&position=31&search_layout=stack&type=item&tracking_id=a3876c90-94f3-4701-94ba-eb8affa3c336
"Cámara Esp32-cam, Wifi + Bt, Placa Desarrollo Esp32 Arduino",9999.0,0.0,0,https://articulo.mercadolibre.com.co/MCO-1563624896-camara-esp32-cam-wifi-bt-placa-desarrollo-esp32-arduino-_JM#polycard_client=search-nordic&position=32&search_layout=stack&type=item&tracking_id=a3876c90-94f3-4701-94ba-eb8affa3c336
Aideepen Esp32-cam W-bt Board Esp32-cam-mb Micro Usb A Puert,25216.0,0.0,0,https://articulo.mercadolibre.com.co/MCO-2690012602-aideepen-esp32-cam-w-bt-board-esp32-cam-mb-micro-usb-a-puert-_JM#polycard_client=search-nordic&position=33&search_layout=stack&type=item&tracking_id=a3876c90-94f3-4701-94ba-eb8affa3c336
Diymore Esp32-cam-mb 32 Placa De Desarrollo 2.4ghz Dual-core,45444.0,0.0,0,https://articulo.mercadolibre.com.co/MCO-2243494060-diymore-esp32-cam-mb-32-placa-de-desarrollo-24ghz-dual-core-_JM#polycard_client=search-nordic&position=34&search_layout=stack&type=item&tracking_id=a3876c90-94f3-4701-94ba-eb8affa3c336
Aceirmc 2 Unids Esp32-cam Wifi Bluetooth Camara Modulo Desar,50763.0,0.0,0,https://articulo.mercadolibre.com.co/MCO-2243519560-aceirmc-2-unids-esp32-cam-wifi-bluetooth-camara-modulo-desar-_JM#polycard_client=search-nordic&position=35&search_layout=stack&type=item&tracking_id=a3876c90-94f3-4701-94ba-eb8affa3c336
Aideepen Esp32-cam W-bt Board Esp32-cam-mb Micro Usb A Puert,22173.0,0.0,0,https://articulo.mercadolibre.com.co/MCO-2243533162-aideepen-esp32-cam-w-bt-board-esp32-cam-mb-micro-usb-a-puert-_JM#polycard_client=search-nordic&position=36&search_layout=stack&type=item&tracking_id=a3876c90-94f3-4701-94ba-eb8affa3c336
Aitrip 6 Unids Esp32-cam Wifi Inalambrico+placa De Desarroll,54306.0,0.0,0,https://articulo.mercadolibre.com.co/MCO-1448999757-aitrip-6-unids-esp32-cam-wifi-inalambricoplaca-de-desarroll-_JM#polycard_client=search-nordic&position=37&search_layout=stack&type=item&tracking_id=a3876c90-94f3-4701-94ba-eb8affa3c336
2 Unids Esp32-cam Wifi Placa Bluetooth Con Cámara Ov2640,25990.0,0.0,0,https://articulo.mercadolibre.com.co/MCO-1527293175-2-unids-esp32-cam-wifi-placa-bluetooth-con-camara-ov2640-_JM#polycard_client=search-nordic&position=38&search_layout=stack&type=item&tracking_id=a3876c90-94f3-4701-94ba-eb8affa3c336
Esp32-cam Ov2640 Con Ch340 Usb-c Wifi Bluetooth,9369.0,0.0,0,https://articulo.mercadolibre.com.co/MCO-2203143166-esp32-cam-ov2640-con-ch340-usb-c-wifi-bluetooth-_JM?searchVariation=183013743929#polycard_client=search-nordic&searchVariation=183013743929&position=39&search_layout=stack&type=item&tracking_id=a3876c90-94f3-4701-94ba-eb8affa3c336
"Placa De Desarrollo Esp32-cam W-bt De 2 Piezas, Aideeken 2 P",26132.0,0.0,0,https://articulo.mercadolibre.com.co/MCO-1532088971-placa-de-desarrollo-esp32-cam-w-bt-de-2-piezas-aideeken-2-p-_JM#polycard_client=search-nordic&position=40&search_layout=stack&type=item&tracking_id=a3876c90-94f3-4701-94ba-eb8affa3c336
Módulo De Cámara Taidacent Esp32 Cam Ov2640 De 4 Cm Ov2640 M,42508.0,0.0,0,https://articulo.mercadolibre.com.co/MCO-1532118593-modulo-de-camara-taidacent-esp32-cam-ov2640-de-4-cm-ov2640-m-_JM#polycard_client=search-nordic&position=41&search_layout=stack&type=item&tracking_id=a3876c90-94f3-4701-94ba-eb8affa3c336
Desarrollo Del Módulo De Cámara Bluetooth Wifi Esp32-cam De,76306.0,0.0,0,https://articulo.mercadolibre.com.co/MCO-1532118817-desarrollo-del-modulo-de-camara-bluetooth-wifi-esp32-cam-de-_JM#polycard_client=search-nordic&position=42&search_layout=stack&type=item&tracking_id=a3876c90-94f3-4701-94ba-eb8affa3c336
Módulo De Cámara Bluetooth Wifi Inalámbrico Esp32-cam Esp32,5226.0,0.0,0,https://articulo.mercadolibre.com.co/MCO-1532132217-modulo-de-camara-bluetooth-wifi-inalambrico-esp32-cam-esp32-_JM#polycard_client=search-nordic&position=43&search_layout=stack&type=item&tracking_id=a3876c90-94f3-4701-94ba-eb8affa3c336
"Módulo De Cámara Esp32 Cam Esp32 Cam Wifi Bluetooth Develo,",42856.0,0.0,0,https://articulo.mercadolibre.com.co/MCO-1534093405-modulo-de-camara-esp32-cam-esp32-cam-wifi-bluetooth-develo-_JM#polycard_client=search-nordic&position=44&search_layout=stack&type=item&tracking_id=a3876c90-94f3-4701-94ba-eb8affa3c336
Módulo Aceirmc Esp32-cam Wifi + Bluetooth Wifi Esp32 Cam Dev,75957.0,0.0,0,https://articulo.mercadolibre.com.co/MCO-1534161911-modulo-aceirmc-esp32-cam-wifi-bluetooth-wifi-esp32-cam-dev-_JM#polycard_client=search-nordic&position=45&search_layout=stack&type=item&tracking_id=a3876c90-94f3-4701-94ba-eb8affa3c336
"2 Placas Esp32-cam-mb, Esp32-cam W Bt Board Esp32-cam-m De P",42856.0,0.0,0,https://www.mercadolibre.com.co/2pcs-esp32-cam-mb-aideepen-esp32-cam-w-bt-board-esp32-cam-m/p/MCO2003837547#polycard_client=search-nordic&searchVariation=MCO2003837547&position=3&search_layout=stack&type=product&tracking_id=a3876c90-94f3-4701-94ba-eb8affa3c336&wid=MCO2803101276&sid=search
6 Unidades Esp32 Cam Micro Usb Esp32 Serial A Wifi Esp32 Cam,10103.0,0.0,0,https://articulo.mercadolibre.com.co/MCO-2803198548-6-unidades-esp32-cam-micro-usb-esp32-serial-a-wifi-esp32-cam-_JM#polycard_client=search-nordic&position=46&search_layout=stack&type=item&tracking_id=a3876c90-94f3-4701-94ba-eb8affa3c336
"Aitiao, 2 Unidades, Esp32-cam-mb, Esp32-cam, Wifi, Bluetooth",26132.0,0.0,0,https://articulo.mercadolibre.com.co/MCO-2803219444-aitiao-2-unidades-esp32-cam-mb-esp32-cam-wifi-bluetooth-_JM#polycard_client=search-nordic&position=47&search_layout=stack&type=item&tracking_id=a3876c90-94f3-4701-94ba-eb8affa3c336
Aideepen Esp32-cam W-bt Board Esp32-cam-mb Micro Usb A Puert,28739.0,0.0,0,https://articulo.mercadolibre.com.co/MCO-1530956063-aideepen-esp32-cam-w-bt-board-esp32-cam-mb-micro-usb-a-puert-_JM#polycard_client=search-nordic&position=48&search_layout=stack&type=item&tracking_id=a3876c90-94f3-4701-94ba-eb8affa3c336
Aceirmc 2 Unids Esp32-cam Wifi Bluetooth Camara Modulo Desar,52146.0,0.0,0,https://articulo.mercadolibre.com.co/MCO-1530967997-aceirmc-2-unids-esp32-cam-wifi-bluetooth-camara-modulo-desar-_JM#polycard_client=search-nordic&position=49&search_layout=stack&type=item&tracking_id=a3876c90-94f3-4701-94ba-eb8affa3c336
Aideepen Esp32-cam W-bt Board Esp32-cam-mb Micro Usb A Puert,12086.0,0.0,0,https://articulo.mercadolibre.com.co/MCO-2301158986-aideepen-esp32-cam-w-bt-board-esp32-cam-mb-micro-usb-a-puert-_JM#polycard_client=search-nordic&position=50&search_layout=stack&type=item&tracking_id=a3876c90-94f3-4701-94ba-eb8affa3c336
Aideepen Esp32-cam W-bt Board Esp32-cam-mb Micro Usb A Puert,19772.0,0.0,0,https://articulo.mercadolibre.com.co/MCO-1415860983-aideepen-esp32-cam-w-bt-board-esp32-cam-mb-micro-usb-a-puert-_JM#polycard_client=search-nordic&position=51&search_layout=stack&type=item&tracking_id=a3876c90-94f3-4701-94ba-eb8affa3c336
Aceirmc 2 Unids Esp32-cam Wifi Bluetooth Camara Modulo Desar,46507.0,0.0,0,https://articulo.mercadolibre.com.co/MCO-1415938747-aceirmc-2-unids-esp32-cam-wifi-bluetooth-camara-modulo-desar-_JM#polycard_client=search-nordic&position=52&search_layout=stack&type=item&tracking_id=a3876c90-94f3-4701-94ba-eb8affa3c336
Aideepen Esp32-cam W-bt Board Esp32-cam-mb Micro Usb A Puert,7460.0,0.0,0,https://articulo.mercadolibre.com.co/MCO-2684868350-aideepen-esp32-cam-w-bt-board-esp32-cam-mb-micro-usb-a-puert-_JM#polycard_client=search-nordic&position=53&search_layout=stack&type=item&tracking_id=a3876c90-94f3-4701-94ba-eb8affa3c336
2 Unids Esp32-cam Inalámbrico Wifi Bluetooth Cámara Módu.,42990.0,0.0,0,https://articulo.mercadolibre.com.co/MCO-2732646648-2-unids-esp32-cam-inalambrico-wifi-bluetooth-camara-modu-_JM#polycard_client=search-nordic&position=54&search_layout=stack&type=item&tracking_id=a3876c90-94f3-4701-94ba-eb8affa3c336
Tarjera Esp32-cam Wifi Bluetooth Ov2640,5000.0,4.5,17,https://click1.mercadolibre.com.co/mclics/clicks/external/MCO/count?a=7a0SPQ5NfpRVVGeNmakqNb5N91u4u%2BXHemjE55FaKqASg69utx4iZrE2Tn4E65lMVMGNqUWJCJYnMnZOpPb7vTHuNC9gx%2BG7ru66hOdrAWJBIMZM2kroPesInw6jw6hWUWVimP47VOkHbtIelTEQys1I%2Bh9UHaph5A09JdUDSr8i8zG8uWHv3p%2BNqeC7SMr8Edwu0545s%2B8wxGaAU0xq8im3WTtEOtspv5H1Yx1rGWYjyfAHLAib0DUZDKt3KvktABpRjWT%2BXOQoaz6lWd%2FSkOyt4ECyiCMXH59PXKVl7%2FJCBoV4XW2x1iWTPA5ldruEXFp4QmAF%2FfhiG2Gj93vB4DoWJBP0dpiIwC0L5vgj%2BqI%2F8ykMTfOEQvnkuOfsNy5dvN0NoT9RHFuRrMmbyPI2fwjAteTtaYaSgPzuyE2132g%2B%2BVlTFbgEANKLllTKklRXN7LC5qunvKxzLeihfPm2az3847Up%2FtYaZ%2BW3q7bHKbnud47vAEgNgcpob%2Fn1mKbeV8DIeA%2B25vssAOiNR9xUuxr51csTV8T7oHTMjGJ5AdNazqOZctdcw5kVGpf96NYJAw9sbWvhQINkZlvBm%2F4FPoDBWpkkHe83EZJiIe8LyVACyjuAClcXyuimaSCymnfKu5Bq8rLhjXQ65fBx69I5WKlFpA43gguDVWCwpEZHHLXtD9cQbeLst9n7YWwYBUia5H%2B3jOlZzP8iPhFmv8LDEeTHBGcP4jhleKUN1WDzRqCYHqb7JESfz%2BeXqg%3D%3D&rb=x#polycard_client=search-nordic&tracking_id=8849940e-4f04-4b70-8c90-43c75bb2e941
Tarjeta Esp32-cam Wifi Bluetooth Con Camara Ov2640,5000.0,3.9,11,https://click1.mercadolibre.com.co/mclics/clicks/external/MCO/count?a=nqKfSodi31XmARN5KRtfB3f1sujYDLJ3bEQYCF8I7jTEzgglRBkmXigdnZ2gHLeakSTyGiu7oIFNlK%2F4Ro4DnKQ4AolJ0mHdh0wbMqaIM0epvvDBbEAJNNRsojC%2FAMhKk7MfBmxRSPYv5jPCVltu6mggJBzl4GzO8wqZbohbGrByf84GRds5oL8Zp2rilAg41PgPkvkr6mffV6zvA%2FrgLFSW7m96VqK%2F8lrypBQPN2v%2FAYqDZWgKf9WXEiVVxAbQYzhQ8B%2FxLvniGwglhZoGU66XZ45ivgsK5bwqRCAMP1nmmaYZgA%2FsJ%2B4EffMPXBggr2XkpXxYjOn3DeXSN3P5ElzlpWNZf0tst9GnNFU%2BKiniD75zJcdudUB5tyVxL69Lu04SYuKH1zV8l2by6H2oSQbgseJfGqMh8tTmrGC5awICu3Bh%2FuXtPsyCWO%2BZ1wfgp%2FtHfaFfviLSvYR5neL8iQgmOsXCN89lxrzYrxAvdAOJ9JJxtxdFcsgVUSyGzmYR5nMhCcUv5%2BNIAWkmPVBFwmI29Hyt8roXyDPStJZRJ1MVcJ2VgrvnufWLpIiyJZ3UjutabrSfrRKxqO%2FyDzYTqJKSaZ3wWHfY2BLN7FURP6o7fYfdyb%2F9B%2F8Z7Rb9VyVJGGQUXSO7YZAgQSpbQS5t9A56DHxiMneeADMUXy3F4I5AAXDxgZ%2FB6n7mtGLySiqyKULQklNBsVG%2BHdetJj8Qprf%2BgHeGv0xtWnG7Miv9fOmypGOjqsZ13PcNiPsR6SNOhgcjx20iUlta&rb=x#polycard_client=search-nordic&tracking_id=8849940e-4f04-4b70-8c90-43c75bb2e941
Aceirmc 2 Unids Esp32-cam Wifi Bluetooth Camara Modulo Desar,34325.0,0.0,0,https://articulo.mercadolibre.com.co/MCO-2759537082-aceirmc-2-unids-esp32-cam-wifi-bluetooth-camara-modulo-desar-_JM#polycard_client=search-nordic&position=3&search_layout=stack&type=item&tracking_id=8849940e-4f04-4b70-8c90-43c75bb2e941
Placa De Desarrollo Esp32-cam Esp32 5v Wifi Bluetooth +,42578.0,0.0,0,https://www.mercadolibre.com.co/placa-de-desarrollo-esp32-cam-esp32-5v-wifi-bluetooth-/p/MCO2007591053#polycard_client=search-nordic&searchVariation=MCO2007591053&position=14&search_layout=stack&type=product&tracking_id=8849940e-4f04-4b70-8c90-43c75bb2e941&wid=&sid=search
Aideepen Esp32-cam W-bt Board Esp32-cam-mb Micro Usb A Puert,7460.0,0.0,0,https://articulo.mercadolibre.com.co/MCO-2759549938-aideepen-esp32-cam-w-bt-board-esp32-cam-mb-micro-usb-a-puert-_JM#polycard_client=search-nordic&position=4&search_layout=stack&type=item&tracking_id=8849940e-4f04-4b70-8c90-43c75bb2e941
Aceirmc 2 Unids Esp32-cam Wifi Bluetooth Camara Modulo Desar,34325.0,0.0,0,https://articulo.mercadolibre.com.co/MCO-2790762740-aceirmc-2-unids-esp32-cam-wifi-bluetooth-camara-modulo-desar-_JM#polycard_client=search-nordic&position=5&search_layout=stack&type=item&tracking_id=8849940e-4f04-4b70-8c90-43c75bb2e941
Aideepen Esp32-cam W-bt Board Esp32-cam-mb Micro Usb A Puert,12833.0,0.0,0,https://articulo.mercadolibre.com.co/MCO-2790839760-aideepen-esp32-cam-w-bt-board-esp32-cam-mb-micro-usb-a-puert-_JM#polycard_client=search-nordic&position=6&search_layout=stack&type=item&tracking_id=8849940e-4f04-4b70-8c90-43c75bb2e941
Aideepen Esp32-cam W-bt Board Esp32-cam-mb Micro Usb A Puert,13153.0,0.0,0,https://articulo.mercadolibre.com.co/MCO-1410021675-aideepen-esp32-cam-w-bt-board-esp32-cam-mb-micro-usb-a-puert-_JM#polycard_client=search-nordic&position=7&search_layout=stack&type=item&tracking_id=8849940e-4f04-4b70-8c90-43c75bb2e941
"Aokin Esp32-cam Modulo De Camara, Esp32 Placa De Desarrollo",25425.0,0.0,0,https://articulo.mercadolibre.com.co/MCO-1459733491-aokin-esp32-cam-modulo-de-camara-esp32-placa-de-desarrollo-_JM#polycard_client=search-nordic&position=8&search_layout=stack&type=item&tracking_id=8849940e-4f04-4b70-8c90-43c75bb2e941
Aideepen Esp32-cam W-bt Board Esp32-cam-mb Micro Usb A Puert,30897.0,0.0,0,https://articulo.mercadolibre.com.co/MCO-2586080200-aideepen-esp32-cam-w-bt-board-esp32-cam-mb-micro-usb-a-puert-_JM#polycard_client=search-nordic&position=9&search_layout=stack&type=item&tracking_id=8849940e-4f04-4b70-8c90-43c75bb2e941
Espcam Esp32-cam Wifi + Bluetooth Ov2640 2mp,25000.0,0.0,0,https://articulo.mercadolibre.com.co/MCO-901927870-espcam-esp32-cam-wifi-bluetooth-ov2640-2mp-_JM#polycard_client=search-nordic&position=10&search_layout=stack&type=item&tracking_id=8849940e-4f04-4b70-8c90-43c75bb2e941
Aitrip 6 Unids Esp32-cam Wifi Inalambrico+placa De Desarroll,19830.0,0.0,0,https://articulo.mercadolibre.com.co/MCO-1334715967-aitrip-6-unids-esp32-cam-wifi-inalambricoplaca-de-desarroll-_JM#polycard_client=search-nordic&position=11&search_layout=stack&type=item&tracking_id=8849940e-4f04-4b70-8c90-43c75bb2e941
Aceirmc 2 Unids Esp32-cam Wifi Bluetooth Camara Modulo Desar,61190.0,0.0,0,https://articulo.mercadolibre.com.co/MCO-2765685296-aceirmc-2-unids-esp32-cam-wifi-bluetooth-camara-modulo-desar-_JM#polycard_client=search-nordic&position=12&search_layout=stack&type=item&tracking_id=8849940e-4f04-4b70-8c90-43c75bb2e941
Aideepen Esp32-cam W-bt Board Esp32-cam-mb Micro Usb A Puert,34325.0,0.0,0,https://articulo.mercadolibre.com.co/MCO-2765760714-aideepen-esp32-cam-w-bt-board-esp32-cam-mb-micro-usb-a-puert-_JM#polycard_client=search-nordic&position=13&search_layout=stack&type=item&tracking_id=8849940e-4f04-4b70-8c90-43c75bb2e941
